Timestamp,Gaze_X,Gaze_Y
0.003879,0.45800000000000013,0.5267000000000002
0.023859,0.46080000000000015,0.5375000000000002
0.04395,0.46200000000000013,0.5426000000000002
0.063931,0.45890000000000014,0.5103000000000002
0.084023,0.46450000000000014,0.5348000000000002
0.104004,0.46500000000000014,0.5384000000000002
0.124097,0.46490000000000015,0.5386000000000002
0.144076,0.4601000000000001,0.5256000000000002
0.164168,0.46020000000000016,0.5272000000000001
0.18415,0.46270000000000017,0.5231000000000001
0.20424,0.46300000000000013,0.5220000000000001
0.224221,0.46320000000000017,0.5249000000000001
0.244314,0.4641000000000001,0.5210000000000001
0.264293,0.4651000000000001,0.5308000000000002
0.284385,0.46540000000000015,0.5292000000000001
0.304366,0.4641000000000001,0.5062000000000002
0.32446,0.46470000000000017,0.5075000000000002
0.344438,0.46480000000000016,0.5078000000000001
0.364531,0.46620000000000017,0.5142000000000002
0.384511,0.46470000000000017,0.5115000000000002
0.404604,0.4661000000000001,0.5068000000000001
0.424583,0.46790000000000015,0.5088000000000001
0.444676,0.4692000000000002,0.5094000000000002
0.464656,0.47080000000000016,0.5155000000000002
0.484748,0.4727000000000002,0.5223000000000002
0.504729,0.47350000000000014,0.5276000000000002
0.524821,0.47410000000000013,0.5276000000000002
0.544802,0.4742000000000002,0.5223000000000002
0.564893,0.47440000000000015,0.5218000000000002
0.584874,0.47190000000000015,0.49470000000000014
0.604966,0.4707000000000002,0.4974000000000002
0.624947,0.47160000000000013,0.47750000000000015
0.645039,0.47140000000000015,0.4772000000000002
0.665018,0.47000000000000014,0.46070000000000016
0.685111,0.4686000000000001,0.4545000000000001
0.705091,0.46800000000000014,0.4384000000000001
0.725183,0.46780000000000016,0.4374000000000001
0.745164,0.46900000000000014,0.44520000000000015
0.765256,0.46930000000000016,0.44640000000000013
0.785236,0.46870000000000017,0.45010000000000017
0.805328,0.47040000000000015,0.46870000000000017
0.825309,0.4712000000000002,0.48030000000000017
0.845402,0.47310000000000013,0.48450000000000015
0.865381,0.47480000000000017,0.4958000000000002
0.885474,0.4757000000000002,0.4999000000000002
0.905454,0.47710000000000014,0.5069000000000001
0.925546,0.4782000000000001,0.5085000000000002
0.945526,0.47810000000000014,0.5029000000000001
0.965618,0.4787000000000001,0.5035000000000002
0.985599,0.4812000000000001,0.5278000000000002
1.005691,0.48110000000000014,0.5264000000000002
1.025671,0.48030000000000017,0.5272000000000001
1.045764,0.48010000000000014,0.5300000000000001
1.065743,0.4792000000000001,0.5297000000000002
1.085836,0.47890000000000016,0.5284000000000002
1.105817,0.47800000000000015,0.5328000000000002
1.125908,0.4772000000000002,0.5329000000000002
1.145888,0.47730000000000017,0.5358000000000002
1.165982,0.47680000000000017,0.5363000000000002
1.185961,0.4767000000000002,0.5359000000000002
1.206053,0.47650000000000015,0.5359000000000002
1.226034,0.47660000000000013,0.5358000000000002
1.246126,0.47600000000000015,0.5355000000000002
1.266107,0.47590000000000016,0.5354000000000002
1.286198,0.47590000000000016,0.5358000000000002
1.306179,0.47590000000000016,0.5356000000000002
1.326271,0.47600000000000015,0.5353000000000002
1.346251,0.47610000000000013,0.5360000000000001
1.366343,0.47680000000000017,0.5351000000000001
1.386323,0.47650000000000015,0.5349000000000002
1.406416,0.47640000000000016,0.5345000000000002
1.426396,0.47640000000000016,0.5328000000000002
1.446488,0.47710000000000014,0.5328000000000002
1.466469,0.47730000000000017,0.5325000000000002
1.486561,0.47780000000000017,0.5327000000000002
1.506541,0.4777000000000002,0.5317000000000002
1.526634,0.47780000000000017,0.5320000000000001
1.546613,0.47660000000000013,0.5167000000000002
1.566706,0.47650000000000015,0.5165000000000002
1.586687,0.47660000000000013,0.5008000000000001
1.606778,0.47360000000000013,0.5004000000000002
1.626758,0.4752000000000002,0.49950000000000017
1.646851,0.46740000000000015,0.47590000000000016
1.666831,0.46910000000000013,0.48110000000000014
1.686923,0.4712000000000002,0.46290000000000014
1.706904,0.46590000000000015,0.49110000000000015
1.726996,0.46740000000000015,0.49200000000000016
1.746976,0.47110000000000013,0.4938000000000002
1.767068,0.47140000000000015,0.4943000000000002
1.787049,0.47050000000000014,0.48650000000000015
1.807141,0.47350000000000014,0.5061000000000002
1.827121,0.47680000000000017,0.4686000000000001
1.847213,0.47800000000000015,0.48750000000000016
1.867194,0.47750000000000015,0.47290000000000015
1.887286,0.4762000000000002,0.4903000000000002
1.907266,0.47660000000000013,0.4989000000000002
1.927358,0.47730000000000017,0.5001000000000002
1.947339,0.47780000000000017,0.5012000000000002
1.967431,0.47680000000000017,0.49950000000000017
1.987411,0.47740000000000016,0.49950000000000017
2.007505,0.4772000000000002,0.49950000000000017
2.027483,0.4762000000000002,0.5115000000000002
2.047576,0.47540000000000016,0.5014000000000002
2.067556,0.4777000000000002,0.5155000000000002
2.087648,0.47740000000000016,0.5162000000000002
2.107629,0.4802000000000001,0.5146000000000002
2.127721,0.4812000000000001,0.5067000000000002
2.147701,0.5080000000000001,0.41200000000000014
2.167793,0.4928000000000002,0.46030000000000015
2.187774,0.4888000000000002,0.4676000000000001
2.207866,0.48650000000000015,0.4782000000000001
2.227846,0.48420000000000013,0.47590000000000016
2.247939,0.4838000000000002,0.48570000000000013
2.267919,0.48370000000000013,0.47940000000000016
2.288011,0.4833000000000002,0.48040000000000016
2.307991,0.48150000000000015,0.48010000000000014
2.328084,0.48030000000000017,0.48640000000000017
2.348063,0.4757000000000002,0.47680000000000017
2.368157,0.47610000000000013,0.4762000000000002
2.388136,0.47540000000000016,0.49060000000000015
2.408228,0.47480000000000017,0.4923000000000002
2.428209,0.47560000000000013,0.5003000000000002
2.448301,0.47590000000000016,0.49980000000000013
2.468281,0.47550000000000014,0.5060000000000001
2.488373,0.47600000000000015,0.5049000000000001
2.508354,0.47640000000000016,0.5038000000000001
2.528446,0.4762000000000002,0.5029000000000001
2.548426,0.4752000000000002,0.5106000000000002
2.568518,0.47550000000000014,0.5110000000000001
2.588499,0.47260000000000013,0.49610000000000015
2.608591,0.47260000000000013,0.4964000000000002
2.628571,0.4722000000000002,0.4893000000000002
2.648663,0.47190000000000015,0.48940000000000017
2.668644,0.47190000000000015,0.49010000000000015
2.688736,0.4717000000000002,0.49070000000000014
2.708716,0.47210000000000013,0.4918000000000002
2.728808,0.47280000000000016,0.49200000000000016
2.748789,0.47350000000000014,0.5007000000000001
2.768881,0.47140000000000015,0.4948000000000002
2.788861,0.47380000000000017,0.5094000000000002
2.808953,0.47350000000000014,0.5091000000000001
2.828933,0.47110000000000013,0.42320000000000013
2.849026,0.4727000000000002,0.45690000000000014
2.869006,0.4722000000000002,0.47150000000000014
2.8891,0.47200000000000014,0.48160000000000014
2.909078,0.47160000000000013,0.4707000000000002
2.929171,0.47210000000000013,0.47110000000000013
2.949152,0.47140000000000015,0.47360000000000013
2.969243,0.47340000000000015,0.47560000000000013
2.989223,0.47380000000000017,0.47760000000000014
3.009317,0.47350000000000014,0.4732000000000002
3.029296,0.47660000000000013,0.5016000000000002
3.049389,0.47340000000000015,0.4964000000000002
3.069368,0.47590000000000016,0.4787000000000001
3.08946,0.47540000000000016,0.49120000000000014
3.109441,0.47690000000000016,0.47780000000000017
3.129534,0.47650000000000015,0.48410000000000014
3.149514,0.47690000000000016,0.49390000000000017
3.169606,0.47640000000000016,0.49550000000000016
3.189586,0.47650000000000015,0.4969000000000002
3.209679,0.4767000000000002,0.5028000000000001
3.229659,0.4757000000000002,0.4823000000000002
3.249751,0.47580000000000017,0.4888000000000002
3.269731,0.47590000000000016,0.4954000000000002
3.289823,0.47600000000000015,0.49600000000000016
3.309804,0.47350000000000014,0.4953000000000002
3.329897,0.47340000000000015,0.49600000000000016
3.349876,0.47240000000000015,0.48920000000000013
3.369968,0.47360000000000013,0.5013000000000002
3.389948,0.47340000000000015,0.5010000000000001
3.410041,0.47400000000000014,0.5003000000000002
3.430021,0.47460000000000013,0.5154000000000002
3.450113,0.47440000000000015,0.5143000000000002
3.470094,0.47690000000000016,0.4963000000000002
3.490186,0.47630000000000017,0.49600000000000016
3.510166,0.47750000000000015,0.5094000000000002
3.530258,0.47680000000000017,0.5097000000000002
3.550239,0.47330000000000017,0.5017000000000001
3.570331,0.47310000000000013,0.5017000000000001
3.590311,0.4737000000000002,0.4944000000000002
3.610403,0.47340000000000015,0.49450000000000016
3.630384,0.46790000000000015,0.47040000000000015
3.650476,0.4681000000000001,0.47040000000000015
3.670456,0.46430000000000016,0.48030000000000017
3.690548,0.46400000000000013,0.48040000000000016
3.710529,0.4641000000000001,0.47990000000000016
3.730622,0.4646000000000001,0.4797000000000001
3.750601,0.46930000000000016,0.49500000000000016
3.770693,0.4692000000000002,0.49500000000000016
3.790674,0.46900000000000014,0.5025000000000002
3.810766,0.46930000000000016,0.5043000000000002
3.830746,0.47210000000000013,0.49820000000000014
3.850838,0.47300000000000014,0.5061000000000002
3.870819,0.47390000000000015,0.5146000000000002
3.890911,0.47440000000000015,0.5169000000000001
3.910891,0.4732000000000002,0.5078000000000001
3.930983,0.4747000000000002,0.5108000000000001
3.950964,0.47410000000000013,0.5092000000000002
3.971056,0.47410000000000013,0.5106000000000002
3.991036,0.47310000000000013,0.5011000000000002
4.011129,0.4727000000000002,0.5011000000000002
4.031109,0.47340000000000015,0.5107000000000002
4.051201,0.46930000000000016,0.49830000000000013
4.071181,0.46840000000000015,0.48970000000000014
4.091273,0.46880000000000016,0.49090000000000017
4.111253,0.46930000000000016,0.49110000000000015
4.131346,0.46890000000000015,0.49140000000000017
4.151326,0.46800000000000014,0.48060000000000014
4.171419,0.4686000000000001,0.48540000000000016
4.191399,0.46200000000000013,0.44980000000000014
4.211491,0.46380000000000016,0.46070000000000016
4.231471,0.46540000000000015,0.46780000000000016
4.251564,0.46750000000000014,0.47290000000000015
4.271544,0.46800000000000014,0.46700000000000014
4.291636,0.47000000000000014,0.4818000000000002
4.311616,0.47350000000000014,0.45190000000000013
4.331709,0.47350000000000014,0.4545000000000001
4.351689,0.47360000000000013,0.45770000000000016
4.371781,0.4737000000000002,0.4576000000000002
4.391761,0.47710000000000014,0.47990000000000016
4.411854,0.4772000000000002,0.47960000000000014
4.431834,0.47710000000000014,0.48130000000000017
4.451926,0.47700000000000015,0.48150000000000015
4.471906,0.47780000000000017,0.5079000000000001
4.491999,0.4777000000000002,0.5083000000000002
4.511979,0.46530000000000016,0.46220000000000017
4.532071,0.4692000000000002,0.47900000000000015
4.552051,0.4707000000000002,0.49010000000000015
4.572143,0.47190000000000015,0.49500000000000016
4.592124,0.47230000000000016,0.49770000000000014
4.612216,0.4722000000000002,0.49340000000000017
4.632196,0.47250000000000014,0.4944000000000002
4.652288,0.4732000000000002,0.49570000000000014
4.672269,0.47290000000000015,0.49520000000000014
4.692361,0.47310000000000013,0.49970000000000014
4.712341,0.47640000000000016,0.5076000000000002
4.732434,0.47610000000000013,0.5087000000000002
4.752414,0.47480000000000017,0.49860000000000015
4.772506,0.47360000000000013,0.49320000000000014
4.792486,0.47240000000000015,0.48370000000000013
4.812578,0.47310000000000013,0.49050000000000016
4.832559,0.4737000000000002,0.49200000000000016
4.852651,0.4727000000000002,0.48570000000000013
4.872631,0.47250000000000014,0.48590000000000017
4.892723,0.47250000000000014,0.48560000000000014
4.912704,0.47290000000000015,0.4994000000000002
4.932796,0.47280000000000016,0.5001000000000002
4.952776,0.4737000000000002,0.5111000000000001
4.972868,0.47440000000000015,0.5167000000000002
4.992849,0.4742000000000002,0.5163000000000002
5.012941,0.47430000000000017,0.5162000000000002
5.032921,0.47010000000000013,0.48800000000000016
5.053013,0.46870000000000017,0.48920000000000013
5.072993,0.46940000000000015,0.48960000000000015
5.093086,0.46980000000000016,0.49110000000000015
5.113067,0.47010000000000013,0.48570000000000013
5.133158,0.4697000000000002,0.48550000000000015
5.153139,0.47030000000000016,0.48050000000000015
5.173231,0.46960000000000013,0.4802000000000001
5.193211,0.47130000000000016,0.49000000000000016
5.213303,0.47140000000000015,0.4903000000000002
5.233284,0.47430000000000017,0.5175000000000002
5.253376,0.47590000000000016,0.5224000000000002
5.273356,0.47530000000000017,0.5223000000000002
5.293449,0.47560000000000013,0.5151000000000001
5.313429,0.47790000000000016,0.5051000000000002
5.333521,0.47700000000000015,0.49880000000000013
5.353501,0.47630000000000017,0.49780000000000013
5.373594,0.47710000000000014,0.49820000000000014
5.393574,0.47660000000000013,0.49700000000000016
5.413666,0.47830000000000017,0.48940000000000017
5.433646,0.47800000000000015,0.47760000000000014
5.453738,0.47930000000000017,0.4641000000000001
5.473719,0.4792000000000001,0.4641000000000001
5.493811,0.47790000000000016,0.47060000000000013
5.513791,0.46990000000000015,0.47030000000000016
5.533883,0.47130000000000016,0.47650000000000015
5.553864,0.47210000000000013,0.48390000000000016
5.573956,0.47230000000000016,0.48450000000000015
5.593936,0.47200000000000014,0.48570000000000013
5.614029,0.47000000000000014,0.49320000000000014
5.634009,0.47100000000000014,0.5049000000000001
5.654101,0.46880000000000016,0.5123000000000002
5.674081,0.47180000000000016,0.49320000000000014
5.694174,0.4717000000000002,0.49320000000000014
5.714154,0.4767000000000002,0.49760000000000015
5.734246,0.4762000000000002,0.49750000000000016
5.754226,0.47130000000000016,0.45170000000000016
5.774319,0.4722000000000002,0.46630000000000016
5.794299,0.4732000000000002,0.47180000000000016
5.814391,0.4732000000000002,0.47490000000000016
5.834371,0.47230000000000016,0.46520000000000017
5.854463,0.47350000000000014,0.47350000000000014
5.874443,0.46960000000000013,0.48650000000000015
5.894536,0.46990000000000015,0.48790000000000017
5.914516,0.47000000000000014,0.49780000000000013
5.934609,0.47040000000000015,0.4979000000000002
5.954589,0.4717000000000002,0.5063000000000002
5.974681,0.47160000000000013,0.5060000000000001
5.994661,0.47230000000000016,0.5075000000000002
6.014754,0.47260000000000013,0.5074000000000002
6.034734,0.47310000000000013,0.5015000000000002
6.054826,0.47350000000000014,0.5018000000000001
6.074806,0.47550000000000014,0.5059000000000001
6.094898,0.4747000000000002,0.5101000000000001
6.114879,0.47510000000000013,0.5026000000000002
6.134971,0.47490000000000016,0.5058000000000001
6.154951,0.4737000000000002,0.4973000000000002
6.175044,0.47450000000000014,0.5025000000000002
6.195024,0.47260000000000013,0.49670000000000014
6.215116,0.47250000000000014,0.49760000000000015
6.235096,0.46980000000000016,0.46520000000000017
6.255188,0.47090000000000015,0.4898000000000002
6.275169,0.46630000000000016,0.47650000000000015
6.295261,0.46650000000000014,0.4767000000000002
6.315241,0.4646000000000001,0.46890000000000015
6.335334,0.46470000000000017,0.46820000000000017
6.355314,0.4656000000000001,0.47740000000000016
6.375406,0.46530000000000016,0.47790000000000016
6.395387,0.46690000000000015,0.48420000000000013
6.415478,0.46700000000000014,0.48390000000000016
6.435459,0.46880000000000016,0.49950000000000017
6.455551,0.4692000000000002,0.49930000000000013
6.475531,0.4742000000000002,0.49850000000000017
6.495624,0.47440000000000015,0.4984000000000002
6.515603,0.47540000000000016,0.49910000000000015
6.535697,0.4752000000000002,0.49910000000000015
6.555676,0.47510000000000013,0.4989000000000002
6.575768,0.47550000000000014,0.49860000000000015
6.595749,0.47630000000000017,0.49210000000000015
6.615843,0.47630000000000017,0.49260000000000015
6.635821,0.47480000000000017,0.48260000000000014
6.655915,0.47430000000000017,0.48290000000000016
6.675894,0.4732000000000002,0.49660000000000015
6.695986,0.47260000000000013,0.4969000000000002
6.715966,0.47390000000000015,0.5044000000000002
6.736058,0.47410000000000013,0.5053000000000002
6.756039,0.47390000000000015,0.5053000000000002
6.776131,0.4727000000000002,0.49320000000000014
6.796112,0.47310000000000013,0.49920000000000014
6.816204,0.47330000000000017,0.49920000000000014
6.836185,0.47500000000000014,0.5103000000000002
6.856276,0.47550000000000014,0.5103000000000002
6.876256,0.4752000000000002,0.5099000000000001
6.896348,0.47530000000000017,0.5098000000000001
6.916329,0.47440000000000015,0.5161000000000001
6.936421,0.47480000000000017,0.5160000000000001
6.956402,0.47510000000000013,0.5153000000000002
6.976493,0.4772000000000002,0.5210000000000001
6.996473,0.47150000000000014,0.47850000000000015
7.016566,0.47260000000000013,0.4893000000000002
7.036546,0.46930000000000016,0.46670000000000017
7.056639,0.4697000000000002,0.4732000000000002
7.076619,0.45920000000000016,0.40960000000000013
7.096711,0.46980000000000016,0.4722000000000002
7.116691,0.4722000000000002,0.48890000000000017
7.136784,0.4702000000000002,0.47200000000000014
7.156764,0.4802000000000001,0.3711000000000001
7.176856,0.47700000000000015,0.41760000000000014
7.196836,0.47750000000000015,0.44480000000000014
7.216928,0.47800000000000015,0.45610000000000017
7.236909,0.48320000000000013,0.4520000000000001
7.257002,0.48350000000000015,0.46170000000000017
7.276981,0.48550000000000015,0.4772000000000002
7.297073,0.48400000000000015,0.4747000000000002
7.317054,0.48320000000000013,0.48820000000000013
7.337146,0.4772000000000002,0.5107000000000002
7.357126,0.47880000000000017,0.5179000000000001
7.377218,0.47840000000000016,0.5192000000000002
7.397199,0.47590000000000016,0.4974000000000002
7.417291,0.47610000000000013,0.49770000000000014
7.437271,0.4792000000000001,0.48520000000000013
7.457363,0.47810000000000014,0.48710000000000014
7.477344,0.47730000000000017,0.48820000000000013
7.497436,0.47700000000000015,0.49270000000000014
7.517416,0.47700000000000015,0.49610000000000015
7.537509,0.47760000000000014,0.49010000000000015
7.557489,0.47810000000000014,0.49040000000000017
7.577581,0.47800000000000015,0.49050000000000016
7.597562,0.48000000000000015,0.49900000000000017
7.617654,0.47990000000000016,0.4999000000000002
7.637633,0.47990000000000016,0.49700000000000016
7.657726,0.4797000000000001,0.49710000000000015
7.677706,0.47990000000000016,0.49760000000000015
7.697799,0.48000000000000015,0.49760000000000015
7.717779,0.4812000000000001,0.48360000000000014
7.737871,0.47860000000000014,0.5095000000000002
7.757851,0.4732000000000002,0.4560000000000001
7.777944,0.47450000000000014,0.46700000000000014
7.797923,0.47450000000000014,0.47530000000000017
7.818016,0.4767000000000002,0.46780000000000016
7.837997,0.47610000000000013,0.47510000000000013
7.858089,0.47630000000000017,0.47700000000000015
7.878069,0.4752000000000002,0.45940000000000014
7.898161,0.47590000000000016,0.46450000000000014
7.918141,0.47340000000000015,0.4692000000000002
7.938235,0.47330000000000017,0.46910000000000013
7.958214,0.47190000000000015,0.48050000000000015
7.978306,0.47210000000000013,0.47490000000000016
7.998286,0.47230000000000016,0.47240000000000015
8.018378,0.47290000000000015,0.48440000000000016
8.038359,0.47210000000000013,0.4636000000000001
8.05845,0.4727000000000002,0.46430000000000016
8.078432,0.47230000000000016,0.46180000000000015
8.098525,0.47230000000000016,0.46150000000000013
8.118503,0.4722000000000002,0.4611000000000001
8.138595,0.47160000000000013,0.4621000000000001
8.158576,0.47400000000000014,0.46430000000000016
8.178669,0.47400000000000014,0.46930000000000016
8.198649,0.47440000000000015,0.47110000000000013
8.218742,0.47390000000000015,0.4656000000000001
8.238721,0.47150000000000014,0.47560000000000013
8.258813,0.47140000000000015,0.47590000000000016
8.278794,0.4732000000000002,0.48950000000000016
8.298886,0.47280000000000016,0.48950000000000016
8.318866,0.47380000000000017,0.4979000000000002
8.338959,0.47410000000000013,0.4973000000000002
8.358939,0.47450000000000014,0.5053000000000002
8.379031,0.47460000000000013,0.5053000000000002
8.399012,0.47430000000000017,0.5048000000000001
8.419103,0.47450000000000014,0.5108000000000001
8.439084,0.4762000000000002,0.5227000000000002
8.459176,0.4762000000000002,0.5225000000000002
8.479156,0.4762000000000002,0.5170000000000001
8.499249,0.47650000000000015,0.5168000000000001
8.519228,0.47660000000000013,0.5179000000000001
8.539321,0.47650000000000015,0.5183000000000002
8.559301,0.46960000000000013,0.5028000000000001
8.579393,0.46940000000000015,0.5031000000000002
8.599374,0.4681000000000001,0.48740000000000017
8.619466,0.46780000000000016,0.4792000000000001
8.639446,0.46790000000000015,0.4792000000000001
8.659539,0.46840000000000015,0.4802000000000001
8.679518,0.46600000000000014,0.4717000000000002
8.699611,0.46550000000000014,0.47200000000000014
8.719591,0.46580000000000016,0.47230000000000016
8.739683,0.46420000000000017,0.45520000000000016
8.759664,0.46960000000000013,0.46650000000000014
8.779757,0.4697000000000002,0.46640000000000015
8.799736,0.4712000000000002,0.46990000000000015
8.819828,0.47210000000000013,0.47760000000000014
8.839808,0.47190000000000015,0.4772000000000002
8.859901,0.47110000000000013,0.47650000000000015
8.879881,0.47260000000000013,0.49110000000000015
8.899974,0.47360000000000013,0.4908000000000002
8.919954,0.47330000000000017,0.48960000000000015
8.940046,0.47490000000000016,0.5045000000000002
8.960026,0.47660000000000013,0.5117000000000002
8.980118,0.47640000000000016,0.5120000000000001
9.000099,0.47580000000000017,0.5242000000000002
9.020191,0.47490000000000016,0.5241000000000001
9.040171,0.47560000000000013,0.5241000000000001
9.060263,0.47560000000000013,0.5241000000000001
9.080244,0.47580000000000017,0.5251000000000001
9.100336,0.47360000000000013,0.5195000000000002
9.120316,0.4737000000000002,0.5196000000000002
9.140409,0.47250000000000014,0.5202000000000002
9.160389,0.47240000000000015,0.5127000000000002
9.180482,0.47290000000000015,0.5125000000000002
9.200461,0.47340000000000015,0.5129000000000001
9.220555,0.47460000000000013,0.5127000000000002
9.240533,0.47450000000000014,0.5134000000000002
9.260626,0.47490000000000016,0.5134000000000002
9.280606,0.47680000000000017,0.49810000000000015
9.300698,0.47890000000000016,0.5047000000000001
9.320679,0.47950000000000015,0.5053000000000002
9.340771,0.4818000000000002,0.49850000000000017
9.360751,0.48290000000000016,0.5001000000000002
9.380844,0.48290000000000016,0.5004000000000002
9.400824,0.48270000000000013,0.4994000000000002
9.420916,0.4828000000000002,0.4979000000000002
9.440896,0.47990000000000016,0.48590000000000017
9.460989,0.48090000000000016,0.48620000000000013
9.480969,0.47850000000000015,0.49910000000000015
9.501061,0.48000000000000015,0.49460000000000015
9.521041,0.48040000000000016,0.4863000000000002
9.541134,0.47830000000000017,0.4949000000000002
9.561114,0.47650000000000015,0.49270000000000014
9.581206,0.47630000000000017,0.49350000000000016
9.601186,0.47630000000000017,0.4938000000000002
9.621279,0.47580000000000017,0.4949000000000002
9.641259,0.47760000000000014,0.5055000000000002
9.661351,0.47760000000000014,0.5064000000000002
9.681331,0.47740000000000016,0.5073000000000002
9.701423,0.47710000000000014,0.5135000000000002
9.721404,0.47350000000000014,0.5102000000000002
9.741496,0.47400000000000014,0.5100000000000001
9.761476,0.47440000000000015,0.5158000000000001
9.781568,0.47400000000000014,0.5159000000000001
9.801549,0.47390000000000015,0.5154000000000002
9.821641,0.47440000000000015,0.5143000000000002
9.841621,0.47350000000000014,0.5090000000000001
9.861713,0.47360000000000013,0.5087000000000002
9.881694,0.47330000000000017,0.5092000000000002
9.901786,0.47380000000000017,0.5089000000000001
9.921766,0.47610000000000013,0.5213000000000002
9.941858,0.47600000000000015,0.5197000000000002
9.961839,0.47590000000000016,0.5075000000000002
9.981932,0.4762000000000002,0.5070000000000001
10.001912,0.47600000000000015,0.5072000000000002
10.022003,0.47560000000000013,0.5076000000000002
10.041984,0.47600000000000015,0.4802000000000001
10.062076,0.4767000000000002,0.5027000000000001
10.082056,0.47530000000000017,0.5129000000000001
10.102149,0.47460000000000013,0.5043000000000002
10.122129,0.4737000000000002,0.5042000000000002
10.142222,0.47290000000000015,0.5054000000000002
10.162201,0.47390000000000015,0.5181000000000001
10.182293,0.4732000000000002,0.5189000000000001
10.202274,0.47290000000000015,0.5191000000000001
10.222366,0.47250000000000014,0.5185000000000002
10.242346,0.4722000000000002,0.5235000000000002
10.262438,0.47210000000000013,0.5232000000000002
10.282419,0.47250000000000014,0.5161000000000001
10.302512,0.47350000000000014,0.5173000000000002
10.322491,0.4742000000000002,0.5175000000000002
10.342583,0.47460000000000013,0.5169000000000001
10.362564,0.47460000000000013,0.5168000000000001
10.382656,0.4747000000000002,0.5164000000000002
10.402636,0.47500000000000014,0.5160000000000001
10.422729,0.47490000000000016,0.5154000000000002
10.442709,0.47560000000000013,0.5157000000000002
10.462801,0.47560000000000013,0.5149000000000001
10.482781,0.47600000000000015,0.5206000000000002
10.502873,0.47590000000000016,0.5213000000000002
10.522854,0.47560000000000013,0.5214000000000002
10.542946,0.47550000000000014,0.5213000000000002
10.562926,0.47630000000000017,0.5153000000000002
10.583019,0.47660000000000013,0.5158000000000001
10.602999,0.47650000000000015,0.5153000000000002
10.623091,0.47700000000000015,0.5148000000000001
10.643071,0.4772000000000002,0.5150000000000001
10.663163,0.4772000000000002,0.5149000000000001
10.683144,0.47710000000000014,0.5165000000000002
10.703236,0.47700000000000015,0.5162000000000002
10.723216,0.47700000000000015,0.5155000000000002
10.743308,0.47700000000000015,0.5157000000000002
10.763289,0.47680000000000017,0.5221000000000001
10.783381,0.47630000000000017,0.5220000000000001
10.803361,0.47580000000000017,0.5236000000000002
10.823454,0.47560000000000013,0.5242000000000002
10.843434,0.47500000000000014,0.5243000000000002
10.863526,0.47680000000000017,0.5221000000000001
10.883506,0.47540000000000016,0.5236000000000002
10.903598,0.47550000000000014,0.5237000000000002
10.923579,0.4767000000000002,0.5223000000000002
10.943671,0.47630000000000017,0.5224000000000002
10.963651,0.4707000000000002,0.47290000000000015
10.983743,0.47540000000000016,0.5128000000000001
11.003723,0.47590000000000016,0.5138000000000001
11.023816,0.47590000000000016,0.5135000000000002
11.043796,0.47610000000000013,0.5137000000000002
11.063889,0.4757000000000002,0.5139000000000001
11.083869,0.4757000000000002,0.5140000000000001
11.103961,0.4752000000000002,0.5122000000000002
11.123941,0.47510000000000013,0.5127000000000002
11.144034,0.47360000000000013,0.49610000000000015
11.164014,0.4762000000000002,0.5213000000000002
11.184106,0.47590000000000016,0.5217000000000002
11.204086,0.47580000000000017,0.5222000000000002
11.224179,0.47630000000000017,0.5155000000000002
11.244159,0.47630000000000017,0.5148000000000001
11.264251,0.4767000000000002,0.5146000000000002
11.284231,0.4767000000000002,0.5150000000000001
11.304323,0.47690000000000016,0.5151000000000001
11.324304,0.47590000000000016,0.5059000000000001
11.344396,0.47600000000000015,0.5101000000000001
11.364376,0.47610000000000013,0.5093000000000002
11.384468,0.47600000000000015,0.5088000000000001
11.404449,0.47600000000000015,0.5088000000000001
11.424541,0.47610000000000013,0.5147000000000002
11.444521,0.4762000000000002,0.5139000000000001
11.464614,0.47690000000000016,0.4818000000000002
11.484594,0.4762000000000002,0.49500000000000016
11.504686,0.47640000000000016,0.5005000000000002
11.524666,0.47810000000000014,0.5004000000000002
11.544759,0.47900000000000015,0.5034000000000002
11.564739,0.47880000000000017,0.5063000000000002
11.584831,0.47890000000000016,0.5070000000000001
11.604811,0.47890000000000016,0.5072000000000002
11.624903,0.4782000000000001,0.5079000000000001
11.644884,0.4782000000000001,0.5068000000000001
11.664977,0.47730000000000017,0.5082000000000002
11.684956,0.47700000000000015,0.5081000000000001
11.705048,0.47730000000000017,0.5093000000000002
11.725028,0.47630000000000017,0.5154000000000002
11.745121,0.47550000000000014,0.5157000000000002
11.765102,0.47560000000000013,0.5151000000000001
11.785194,0.47540000000000016,0.5155000000000002
11.805174,0.4752000000000002,0.5154000000000002
11.825266,0.4752000000000002,0.5156000000000002
11.845246,0.4752000000000002,0.5162000000000002
11.865338,0.47590000000000016,0.5216000000000002
11.885319,0.47650000000000015,0.5207000000000002
11.90541,0.47640000000000016,0.5199000000000001
11.925391,0.47750000000000015,0.5137000000000002
11.945484,0.47710000000000014,0.5135000000000002
11.965464,0.47650000000000015,0.5138000000000001
11.985556,0.47660000000000013,0.5141000000000001
12.005536,0.47690000000000016,0.5138000000000001
12.025629,0.47710000000000014,0.5138000000000001
12.045609,0.4767000000000002,0.5144000000000002
12.065702,0.47660000000000013,0.5144000000000002
12.085681,0.47650000000000015,0.5141000000000001
12.105773,0.47630000000000017,0.5146000000000002
12.125754,0.4757000000000002,0.5209000000000001
12.145846,0.47590000000000016,0.5211000000000001
12.165826,0.4767000000000002,0.5212000000000002
12.185918,0.4767000000000002,0.5210000000000001
12.205899,0.47610000000000013,0.5208000000000002
12.225991,0.47530000000000017,0.5093000000000002
12.245971,0.47410000000000013,0.4636000000000001
12.266064,0.47500000000000014,0.48560000000000014
12.286045,0.4747000000000002,0.49240000000000017
12.306136,0.47500000000000014,0.5003000000000002
12.326116,0.47500000000000014,0.5024000000000002
12.346209,0.47560000000000013,0.5027000000000001
12.366189,0.4772000000000002,0.49190000000000017
12.386281,0.47680000000000017,0.49350000000000016
12.406261,0.4772000000000002,0.49370000000000014
12.426353,0.4782000000000001,0.5031000000000002
12.446334,0.47860000000000014,0.5114000000000002
12.466426,0.47860000000000014,0.5035000000000002
12.486406,0.47850000000000015,0.5165000000000002
12.506498,0.4792000000000001,0.5023000000000002
12.526479,0.47940000000000016,0.5025000000000002
12.546572,0.47910000000000014,0.5027000000000001
12.566551,0.47530000000000017,0.49390000000000017
12.586643,0.47530000000000017,0.49370000000000014
12.606624,0.47460000000000013,0.4943000000000002
12.626716,0.47340000000000015,0.4944000000000002
12.646696,0.47290000000000015,0.4949000000000002
12.666788,0.47240000000000015,0.5040000000000001
12.686769,0.47300000000000014,0.5045000000000002
12.706862,0.47250000000000014,0.5045000000000002
12.726841,0.47200000000000014,0.5041000000000002
12.746933,0.47200000000000014,0.5043000000000002
12.766914,0.47450000000000014,0.5220000000000001
12.787006,0.47400000000000014,0.5228000000000002
12.806986,0.47400000000000014,0.5227000000000002
12.827078,0.47710000000000014,0.5228000000000002
12.847059,0.4762000000000002,0.5216000000000002
12.867151,0.47510000000000013,0.5229000000000001
12.887131,0.47390000000000015,0.4984000000000002
12.907224,0.4747000000000002,0.5101000000000001
12.927204,0.47560000000000013,0.5045000000000002
12.947296,0.47510000000000013,0.4989000000000002
12.967276,0.47490000000000016,0.49780000000000013
12.987369,0.47530000000000017,0.49750000000000016
13.007349,0.47680000000000017,0.4989000000000002
13.027441,0.4767000000000002,0.49850000000000017
13.047421,0.47660000000000013,0.49040000000000017
13.067514,0.47690000000000016,0.49000000000000016
13.087494,0.47740000000000016,0.5024000000000002
13.107586,0.47700000000000015,0.4973000000000002
13.127566,0.4767000000000002,0.5033000000000002
13.147659,0.47750000000000015,0.5088000000000001
13.167639,0.47400000000000014,0.48090000000000016
13.187731,0.4707000000000002,0.45970000000000016
13.207711,0.4727000000000002,0.48260000000000014
13.227804,0.47440000000000015,0.48810000000000014
13.247784,0.47580000000000017,0.49900000000000017
13.267876,0.47610000000000013,0.5023000000000002
13.287857,0.47840000000000016,0.5097000000000002
13.307949,0.4782000000000001,0.5129000000000001
13.327929,0.47810000000000014,0.5018000000000001
13.348021,0.47700000000000015,0.49560000000000015
13.368001,0.47710000000000014,0.49950000000000017
13.388094,0.4772000000000002,0.5077000000000002
13.408074,0.4787000000000001,0.48900000000000016
13.428166,0.47810000000000014,0.49650000000000016
13.448146,0.4767000000000002,0.4757000000000002
13.468238,0.47690000000000016,0.48000000000000015
13.488219,0.47910000000000014,0.4636000000000001
13.508311,0.47860000000000014,0.4671000000000001
13.528291,0.47850000000000015,0.47360000000000013
13.548384,0.47890000000000016,0.47950000000000015
13.568363,0.4807000000000001,0.46230000000000016
13.588457,0.48190000000000016,0.45560000000000017
13.608436,0.48170000000000013,0.46540000000000015
13.628528,0.48170000000000013,0.46290000000000014
13.648509,0.48300000000000015,0.47410000000000013
13.668601,0.48300000000000015,0.4757000000000002
13.688581,0.48090000000000016,0.4923000000000002
13.708673,0.48080000000000017,0.49190000000000017
13.728654,0.47990000000000016,0.48320000000000013
13.748746,0.48060000000000014,0.47780000000000017
13.768726,0.47790000000000016,0.48470000000000013
13.788819,0.4757000000000002,0.4601000000000001
13.808799,0.4772000000000002,0.47880000000000017
13.828891,0.47710000000000014,0.4838000000000002
13.848871,0.4757000000000002,0.4908000000000002
13.868964,0.47580000000000017,0.49160000000000015
13.888944,0.47540000000000016,0.4928000000000002
13.909036,0.47550000000000014,0.49250000000000016
13.929016,0.47630000000000017,0.4873000000000002
13.949108,0.47540000000000016,0.49350000000000016
13.969089,0.47650000000000015,0.5021000000000002
13.989181,0.47710000000000014,0.5072000000000002
14.009161,0.47650000000000015,0.5063000000000002
14.029254,0.47590000000000016,0.5077000000000002
14.049234,0.47610000000000013,0.5070000000000001
14.069326,0.47610000000000013,0.5071000000000002
14.089306,0.4757000000000002,0.5007000000000001
14.109398,0.4767000000000002,0.4994000000000002
14.129379,0.47760000000000014,0.5175000000000002
14.149471,0.47830000000000017,0.5203000000000002
14.169451,0.4792000000000001,0.5131000000000001
14.189543,0.47830000000000017,0.5134000000000002
14.209524,0.4787000000000001,0.49710000000000015
14.229616,0.47890000000000016,0.49870000000000014
14.249596,0.47930000000000017,0.49210000000000015
14.269689,0.47900000000000015,0.49320000000000014
14.289668,0.47660000000000013,0.4908000000000002
14.309761,0.47640000000000016,0.49150000000000016
14.329741,0.47640000000000016,0.4838000000000002
14.349834,0.47600000000000015,0.48410000000000014
14.369814,0.47540000000000016,0.48800000000000016
14.389906,0.47350000000000014,0.47260000000000013
14.409886,0.4737000000000002,0.4843000000000002
14.429978,0.47310000000000013,0.4853000000000002
14.449959,0.47350000000000014,0.49260000000000015
14.470051,0.47280000000000016,0.49800000000000016
14.490032,0.47200000000000014,0.47200000000000014
14.510124,0.47330000000000017,0.48440000000000016
14.530104,0.47280000000000016,0.4838000000000002
14.550196,0.4727000000000002,0.48440000000000016
14.570176,0.47300000000000014,0.4923000000000002
14.590268,0.4732000000000002,0.4969000000000002
14.610249,0.4712000000000002,0.47750000000000015
14.630341,0.4722000000000002,0.48510000000000014
14.650321,0.47240000000000015,0.48900000000000016
14.670414,0.4727000000000002,0.49090000000000017
14.690394,0.47250000000000014,0.4883000000000002
14.710486,0.47480000000000017,0.5072000000000002
14.730466,0.47460000000000013,0.5084000000000002
14.750559,0.47460000000000013,0.5078000000000001
14.770539,0.47550000000000014,0.5101000000000001
14.790631,0.47510000000000013,0.5105000000000002
14.810611,0.47610000000000013,0.5199000000000001
14.830704,0.4762000000000002,0.5207000000000002
14.850684,0.47610000000000013,0.5212000000000002
14.870776,0.47610000000000013,0.5213000000000002
14.890756,0.47590000000000016,0.5217000000000002
14.910848,0.47590000000000016,0.5222000000000002
14.930829,0.47610000000000013,0.5227000000000002
14.950921,0.47630000000000017,0.5225000000000002
14.970901,0.47580000000000017,0.5232000000000002
14.990993,0.47610000000000013,0.5228000000000002
15.010974,0.4762000000000002,0.5223000000000002
15.031066,0.47610000000000013,0.5218000000000002
15.051046,0.47600000000000015,0.5211000000000001
15.071139,0.47590000000000016,0.5211000000000001
15.091119,0.47590000000000016,0.5217000000000002
15.111211,0.47630000000000017,0.5210000000000001
15.131191,0.47610000000000013,0.5213000000000002
15.151284,0.47610000000000013,0.5209000000000001
15.171263,0.47510000000000013,0.5069000000000001
15.191356,0.47530000000000017,0.5120000000000001
15.211336,0.4752000000000002,0.5125000000000002
15.231429,0.47510000000000013,0.5098000000000001
15.251409,0.47510000000000013,0.5131000000000001
15.271501,0.47360000000000013,0.5132000000000002
15.291482,0.47390000000000015,0.5124000000000002
15.311573,0.47430000000000017,0.5117000000000002
15.331554,0.47460000000000013,0.5115000000000002
15.351646,0.4752000000000002,0.5111000000000001
15.371626,0.4747000000000002,0.5108000000000001
15.391719,0.47460000000000013,0.5108000000000001
15.411699,0.47440000000000015,0.5104000000000002
15.431791,0.47400000000000014,0.5099000000000001
15.451772,0.47440000000000015,0.5103000000000002
15.471863,0.47490000000000016,0.5102000000000002
15.491844,0.47560000000000013,0.5101000000000001
15.511936,0.47500000000000014,0.5110000000000001
15.531916,0.47530000000000017,0.5114000000000002
15.552008,0.47480000000000017,0.5118000000000001
15.571989,0.47590000000000016,0.5211000000000001
15.592081,0.47580000000000017,0.5208000000000002
15.612061,0.4767000000000002,0.5158000000000001
15.632154,0.4772000000000002,0.5165000000000002
15.652134,0.47730000000000017,0.5157000000000002
15.672226,0.4772000000000002,0.5155000000000002
15.692206,0.47710000000000014,0.5155000000000002
15.712298,0.47700000000000015,0.5153000000000002
15.732279,0.47530000000000017,0.5185000000000002
15.752371,0.47600000000000015,0.5194000000000002
15.772351,0.47560000000000013,0.5191000000000001
15.792444,0.47610000000000013,0.5184000000000002
15.812423,0.47680000000000017,0.5127000000000002
15.832517,0.47640000000000016,0.5129000000000001
15.852496,0.47640000000000016,0.5138000000000001
15.872588,0.47650000000000015,0.5142000000000002
15.89257,0.47690000000000016,0.5146000000000002
15.912661,0.47690000000000016,0.5144000000000002
15.932641,0.47660000000000013,0.5133000000000002
15.952734,0.47660000000000013,0.5125000000000002
15.972714,0.4767000000000002,0.5124000000000002
15.992806,0.47710000000000014,0.5123000000000002
16.012786,0.47650000000000015,0.5185000000000002
16.032878,0.47700000000000015,0.5125000000000002
16.052858,0.47680000000000017,0.5114000000000002
16.072951,0.47690000000000016,0.5112000000000002
16.092932,0.4737000000000002,0.49200000000000016
16.113023,0.47380000000000017,0.49200000000000016
16.133004,0.47450000000000014,0.49200000000000016
16.153096,0.47460000000000013,0.49190000000000017
16.173076,0.47450000000000014,0.49070000000000014
16.193169,0.47430000000000017,0.49070000000000014
16.213149,0.47390000000000015,0.49040000000000017
16.233241,0.47400000000000014,0.49610000000000015
16.253222,0.47410000000000013,0.49700000000000016
16.273314,0.4742000000000002,0.49720000000000014
16.293294,0.47600000000000015,0.5067000000000002
16.313386,0.4757000000000002,0.5066000000000002
16.333367,0.47550000000000014,0.5065000000000002
16.353458,0.47560000000000013,0.5070000000000001
16.373439,0.47590000000000016,0.5073000000000002
16.393531,0.47530000000000017,0.5076000000000002
16.413511,0.4752000000000002,0.5080000000000001
16.433603,0.4747000000000002,0.5082000000000002
16.453584,0.47380000000000017,0.49000000000000016
16.473676,0.47380000000000017,0.48960000000000015
16.493656,0.47460000000000013,0.49910000000000015
16.513749,0.47460000000000013,0.49370000000000014
16.533729,0.47460000000000013,0.49390000000000017
16.553821,0.4727000000000002,0.48050000000000015
16.573801,0.47260000000000013,0.48010000000000014
16.593893,0.47250000000000014,0.47200000000000014
16.613874,0.47200000000000014,0.47580000000000017
16.633966,0.47250000000000014,0.47450000000000014
16.653946,0.47410000000000013,0.49620000000000014
16.674038,0.47380000000000017,0.4958000000000002
16.694019,0.4727000000000002,0.4823000000000002
16.714111,0.4732000000000002,0.48920000000000013
16.734091,0.47300000000000014,0.48990000000000017
16.754183,0.47480000000000017,0.5006000000000002
16.774164,0.47460000000000013,0.5016000000000002
16.794256,0.47150000000000014,0.4908000000000002
16.814236,0.4732000000000002,0.49980000000000013
16.834329,0.47350000000000014,0.5001000000000002
16.854309,0.47250000000000014,0.48710000000000014
16.874402,0.47480000000000017,0.5040000000000001
16.894381,0.4747000000000002,0.5038000000000001
16.914473,0.4747000000000002,0.5039000000000001
16.934454,0.47490000000000016,0.49610000000000015
16.954546,0.47540000000000016,0.48900000000000016
16.974526,0.47630000000000017,0.48060000000000014
16.994618,0.47900000000000015,0.49510000000000015
17.014599,0.47940000000000016,0.49650000000000016
17.034691,0.47940000000000016,0.49660000000000015
17.054671,0.47940000000000016,0.4968000000000002
17.074763,0.4792000000000001,0.4968000000000002
17.094744,0.47830000000000017,0.4883000000000002
17.114836,0.47810000000000014,0.4883000000000002
17.134816,0.47610000000000013,0.5022000000000002
17.154908,0.4772000000000002,0.5017000000000001
17.174888,0.47630000000000017,0.5083000000000002
17.194981,0.4762000000000002,0.5085000000000002
17.214962,0.47560000000000013,0.5004000000000002
17.235054,0.47550000000000014,0.5020000000000001
17.255034,0.4757000000000002,0.5014000000000002
17.275126,0.47590000000000016,0.4984000000000002
17.295106,0.47580000000000017,0.4984000000000002
17.315199,0.4762000000000002,0.4989000000000002
17.335179,0.47700000000000015,0.49150000000000016
17.355271,0.4772000000000002,0.4918000000000002
17.375251,0.47730000000000017,0.49340000000000017
17.395343,0.4772000000000002,0.4938000000000002
17.415324,0.47680000000000017,0.5014000000000002
17.435415,0.47680000000000017,0.4954000000000002
17.455397,0.47640000000000016,0.49620000000000014
17.475489,0.4762000000000002,0.49610000000000015
17.495469,0.47880000000000017,0.4923000000000002
17.515561,0.47830000000000017,0.49100000000000016
17.535541,0.47800000000000015,0.49710000000000015
17.555634,0.4777000000000002,0.49750000000000016
17.575614,0.4818000000000002,0.46960000000000013
17.595706,0.48170000000000013,0.47040000000000015
17.615686,0.48170000000000013,0.4697000000000002
17.635778,0.4818000000000002,0.46990000000000015
17.655759,0.48200000000000015,0.47000000000000014
17.675851,0.48110000000000014,0.46960000000000013
17.695831,0.4762000000000002,0.44960000000000017
17.715923,0.4752000000000002,0.44280000000000014
17.735904,0.4747000000000002,0.4440000000000001
17.755996,0.47580000000000017,0.43720000000000014
17.775976,0.4732000000000002,0.45370000000000016
17.796068,0.47300000000000014,0.45420000000000016
17.816049,0.47290000000000015,0.45590000000000014
17.836141,0.47300000000000014,0.45620000000000016
17.856121,0.47490000000000016,0.48290000000000016
17.876213,0.47430000000000017,0.4812000000000001
17.896193,0.47790000000000016,0.49340000000000017
17.916286,0.47810000000000014,0.49910000000000015
17.936267,0.47800000000000015,0.49900000000000017
17.956358,0.47830000000000017,0.4974000000000002
17.976339,0.47650000000000015,0.5109000000000001
17.996431,0.47700000000000015,0.5100000000000001
18.016411,0.47840000000000016,0.5092000000000002
18.036503,0.4777000000000002,0.5166000000000002
18.056484,0.47760000000000014,0.5153000000000002
18.076576,0.47740000000000016,0.5149000000000001
18.096556,0.47690000000000016,0.5191000000000001
18.116649,0.4757000000000002,0.5160000000000001
18.136628,0.47730000000000017,0.5147000000000002
18.156721,0.47440000000000015,0.5063000000000002
18.176702,0.47490000000000016,0.5052000000000002
18.196794,0.4742000000000002,0.49290000000000017
18.216774,0.4722000000000002,0.4767000000000002
18.236866,0.4727000000000002,0.4787000000000001
18.256846,0.47250000000000014,0.47950000000000015
18.276938,0.47290000000000015,0.48080000000000017
18.296919,0.4702000000000002,0.4792000000000001
18.317011,0.47000000000000014,0.48450000000000015
18.336991,0.47190000000000015,0.4873000000000002
18.357084,0.47480000000000017,0.4953000000000002
18.377064,0.47410000000000013,0.4959000000000002
18.397156,0.47440000000000015,0.5095000000000002
18.417136,0.4752000000000002,0.5190000000000001
18.437229,0.4752000000000002,0.5188000000000001
18.457209,0.47490000000000016,0.5184000000000002
18.477301,0.47240000000000015,0.5094000000000002
18.497281,0.47230000000000016,0.49770000000000014
18.517374,0.4732000000000002,0.4973000000000002
18.537354,0.4676000000000001,0.48150000000000015
18.557446,0.46720000000000017,0.48160000000000014
18.577426,0.4676000000000001,0.48200000000000015
18.597518,0.4686000000000001,0.48000000000000015
18.617499,0.46870000000000017,0.48130000000000017
18.637591,0.46850000000000014,0.4812000000000001
18.657571,0.4686000000000001,0.48160000000000014
18.677663,0.47100000000000014,0.49000000000000016
18.697644,0.47140000000000015,0.5041000000000002
18.717736,0.47130000000000016,0.5043000000000002
18.737716,0.4762000000000002,0.5170000000000001
18.757809,0.47600000000000015,0.5172000000000002
18.777788,0.47580000000000017,0.5172000000000002
18.797881,0.4762000000000002,0.5172000000000002
18.817861,0.47580000000000017,0.5165000000000002
18.837953,0.47600000000000015,0.5154000000000002
18.857934,0.4757000000000002,0.5168000000000001
18.878026,0.4757000000000002,0.5159000000000001
18.898006,0.47550000000000014,0.5162000000000002
18.918099,0.47560000000000013,0.5158000000000001
18.938079,0.47510000000000013,0.5164000000000002
18.958171,0.47630000000000017,0.5161000000000001
18.978152,0.47660000000000013,0.5163000000000002
18.998244,0.47680000000000017,0.5159000000000001
19.018224,0.47580000000000017,0.5105000000000002
19.038316,0.47580000000000017,0.5105000000000002
19.058296,0.47600000000000015,0.5103000000000002
19.078389,0.47600000000000015,0.5104000000000002
19.098369,0.47610000000000013,0.5110000000000001
19.118462,0.47610000000000013,0.5105000000000002
19.138441,0.47690000000000016,0.5089000000000001
19.158534,0.4757000000000002,0.5083000000000002
19.178514,0.4757000000000002,0.5086000000000002
19.198606,0.47530000000000017,0.5091000000000001
19.218587,0.4762000000000002,0.5146000000000002
19.238678,0.47630000000000017,0.5144000000000002
19.258659,0.47640000000000016,0.5148000000000001
19.278751,0.47650000000000015,0.5145000000000002
19.298732,0.47650000000000015,0.5132000000000002
19.318824,0.47690000000000016,0.5072000000000002
19.338803,0.4767000000000002,0.5079000000000001
19.358896,0.47740000000000016,0.5079000000000001
19.378876,0.47740000000000016,0.5086000000000002
19.398968,0.4772000000000002,0.5076000000000002
19.418949,0.47730000000000017,0.5075000000000002
19.439041,0.47730000000000017,0.5074000000000002
19.459021,0.47690000000000016,0.5067000000000002
19.479114,0.47640000000000016,0.5096000000000002
19.499094,0.47680000000000017,0.5076000000000002
19.519186,0.47650000000000015,0.5136000000000002
19.539166,0.47650000000000015,0.5134000000000002
19.559259,0.47700000000000015,0.5127000000000002
19.579238,0.47660000000000013,0.5134000000000002
19.599331,0.47730000000000017,0.5135000000000002
19.619311,0.4767000000000002,0.5005000000000002
19.639403,0.47690000000000016,0.5025000000000002
19.659384,0.47730000000000017,0.5010000000000001
19.679476,0.47750000000000015,0.5009000000000001
19.699456,0.47710000000000014,0.5001000000000002
19.719549,0.47730000000000017,0.5014000000000002
19.739529,0.47710000000000014,0.5008000000000001
19.759621,0.4772000000000002,0.5043000000000002
19.779601,0.47700000000000015,0.5029000000000001
19.799694,0.47810000000000014,0.49620000000000014
19.819674,0.47810000000000014,0.5073000000000002
19.839766,0.47780000000000017,0.5073000000000002
19.859746,0.47760000000000014,0.5083000000000002
19.879838,0.47740000000000016,0.5090000000000001
19.899819,0.47800000000000015,0.5069000000000001
19.919911,0.4782000000000001,0.5080000000000001
19.939891,0.47800000000000015,0.5088000000000001
19.959983,0.4777000000000002,0.5076000000000002
19.979964,0.47710000000000014,0.5080000000000001
20.000056,0.4757000000000002,0.5158000000000001
20.020036,0.47600000000000015,0.5156000000000002
20.040128,0.47590000000000016,0.5161000000000001
20.060109,0.47590000000000016,0.5160000000000001
20.080201,0.47610000000000013,0.5153000000000002
20.100181,0.47600000000000015,0.5155000000000002
20.120273,0.47560000000000013,0.5142000000000002
20.140254,0.4757000000000002,0.5140000000000001
20.160346,0.47610000000000013,0.5132000000000002
20.180327,0.47680000000000017,0.5127000000000002
20.200418,0.4772000000000002,0.5122000000000002
20.220398,0.47740000000000016,0.5122000000000002
20.240491,0.47680000000000017,0.5108000000000001
20.260471,0.47650000000000015,0.5129000000000001
20.280563,0.47600000000000015,0.5128000000000001
20.300544,0.47600000000000015,0.5130000000000001
20.320636,0.47550000000000014,0.5139000000000001
20.340616,0.4752000000000002,0.5143000000000002
20.360709,0.47500000000000014,0.5151000000000001
20.380689,0.46950000000000014,0.4989000000000002
20.400781,0.46870000000000017,0.4994000000000002
20.420761,0.46820000000000017,0.5000000000000001
20.440853,0.4692000000000002,0.5083000000000002
20.460834,0.47210000000000013,0.48840000000000017
20.480926,0.47100000000000014,0.4933000000000002
20.500906,0.46910000000000013,0.48660000000000014
20.520998,0.4681000000000001,0.48750000000000016
20.540979,0.46780000000000016,0.4898000000000002
20.561071,0.46770000000000017,0.48620000000000013
20.581051,0.47450000000000014,0.5014000000000002
20.601144,0.47500000000000014,0.5001000000000002
20.621124,0.47440000000000015,0.49710000000000015
20.641216,0.47700000000000015,0.49310000000000015
20.661196,0.47600000000000015,0.49600000000000016
20.681289,0.47640000000000016,0.4959000000000002
20.701269,0.47750000000000015,0.5045000000000002
20.721361,0.47750000000000015,0.5041000000000002
20.741341,0.47710000000000014,0.49660000000000015
20.761433,0.47660000000000013,0.4958000000000002
20.781414,0.47510000000000013,0.5032000000000002
20.801506,0.47510000000000013,0.5033000000000002
20.821486,0.4752000000000002,0.5018000000000001
20.841579,0.47350000000000014,0.5083000000000002
20.861559,0.4732000000000002,0.5089000000000001
20.881651,0.47350000000000014,0.5087000000000002
20.901631,0.4742000000000002,0.5090000000000001
20.921724,0.47430000000000017,0.5090000000000001
20.941704,0.47530000000000017,0.5144000000000002
20.961796,0.47530000000000017,0.5140000000000001
20.981776,0.47590000000000016,0.5132000000000002
21.001869,0.47600000000000015,0.5133000000000002
21.021849,0.47560000000000013,0.5144000000000002
21.041941,0.47640000000000016,0.5150000000000001
21.061921,0.47760000000000014,0.5153000000000002
21.082013,0.47750000000000015,0.5151000000000001
21.101993,0.47790000000000016,0.5153000000000002
21.122086,0.47740000000000016,0.5155000000000002
21.142066,0.47680000000000017,0.5151000000000001
21.162159,0.47710000000000014,0.5153000000000002
21.182138,0.47740000000000016,0.5150000000000001
21.202231,0.47750000000000015,0.5149000000000001
21.222211,0.47760000000000014,0.5143000000000002
21.242303,0.4772000000000002,0.5140000000000001
21.262284,0.47700000000000015,0.5144000000000002
21.282376,0.47700000000000015,0.5144000000000002
21.302356,0.47650000000000015,0.5061000000000002
21.322448,0.47650000000000015,0.5055000000000002
21.342429,0.47690000000000016,0.5064000000000002
21.362521,0.4772000000000002,0.5063000000000002
21.382502,0.4772000000000002,0.5074000000000002
21.402594,0.47740000000000016,0.5072000000000002
21.422573,0.47730000000000017,0.5077000000000002
21.442666,0.47740000000000016,0.5078000000000001
21.462646,0.47710000000000014,0.5075000000000002
21.482739,0.47690000000000016,0.5076000000000002
21.502719,0.47780000000000017,0.5099000000000001
21.522811,0.47830000000000017,0.5102000000000002
21.542791,0.47840000000000016,0.5097000000000002
21.562883,0.47830000000000017,0.5097000000000002
21.582864,0.4782000000000001,0.5101000000000001
21.602956,0.47850000000000015,0.5106000000000002
21.622936,0.47860000000000014,0.5114000000000002
21.643028,0.4787000000000001,0.5110000000000001
21.663009,0.4787000000000001,0.5110000000000001
21.683101,0.47890000000000016,0.5111000000000001
21.703081,0.47840000000000016,0.5177000000000002
21.723173,0.4782000000000001,0.5174000000000002
21.743154,0.47810000000000014,0.5174000000000002
21.763246,0.47800000000000015,0.5179000000000001
21.783226,0.47890000000000016,0.5200000000000001
21.803318,0.47680000000000017,0.5130000000000001
21.823298,0.4767000000000002,0.5113000000000002
21.843391,0.47650000000000015,0.5111000000000001
21.863371,0.47660000000000013,0.5118000000000001
21.883464,0.4767000000000002,0.5052000000000002
21.903443,0.4767000000000002,0.5013000000000002
21.923536,0.4767000000000002,0.5043000000000002
21.943516,0.47680000000000017,0.5157000000000002
21.963608,0.4767000000000002,0.5012000000000002
21.983589,0.47630000000000017,0.49980000000000013
22.003681,0.47610000000000013,0.5157000000000002
22.023661,0.4566000000000002,0.45800000000000013
22.043754,0.46380000000000016,0.47450000000000014
22.063733,0.46740000000000015,0.48130000000000017
22.083826,0.46910000000000013,0.49000000000000016
22.103806,0.47000000000000014,0.49260000000000015
22.123899,0.47130000000000016,0.49410000000000015
22.143879,0.47180000000000016,0.4964000000000002
22.163971,0.47200000000000014,0.49650000000000016
22.183951,0.47100000000000014,0.4903000000000002
22.204044,0.4772000000000002,0.5066000000000002
22.224024,0.47710000000000014,0.5089000000000001
22.244115,0.47640000000000016,0.5087000000000002
22.264096,0.47430000000000017,0.49100000000000016
22.284188,0.47440000000000015,0.49370000000000014
22.304169,0.47430000000000017,0.49670000000000014
22.324261,0.47360000000000013,0.49780000000000013
22.344241,0.4737000000000002,0.4984000000000002
22.364334,0.47340000000000015,0.49880000000000013
22.384314,0.47460000000000013,0.5062000000000002
22.404406,0.47410000000000013,0.5060000000000001
22.424386,0.47430000000000017,0.49950000000000017
22.444478,0.47450000000000014,0.49910000000000015
22.464459,0.47550000000000014,0.5093000000000002
22.484551,0.4757000000000002,0.5081000000000001
22.504532,0.4757000000000002,0.5087000000000002
22.524623,0.47580000000000017,0.5073000000000002
22.544604,0.4752000000000002,0.5017000000000001
22.564696,0.47550000000000014,0.5059000000000001
22.584676,0.4510000000000001,0.4430000000000001
22.604769,0.4636000000000001,0.47600000000000015
22.624749,0.46700000000000014,0.48350000000000015
22.644841,0.4686000000000001,0.4878000000000002
22.664822,0.47260000000000013,0.4938000000000002
22.684913,0.47230000000000016,0.49360000000000015
22.704894,0.4727000000000002,0.4933000000000002
22.724986,0.47250000000000014,0.49220000000000014
22.744966,0.47260000000000013,0.49610000000000015
22.765059,0.47260000000000013,0.49600000000000016
22.785038,0.47640000000000016,0.4994000000000002
22.805131,0.47550000000000014,0.4944000000000002
22.825112,0.48030000000000017,0.49340000000000017
22.845203,0.49860000000000015,0.44870000000000015
22.865184,0.6166000000000001,0.2977000000000001
22.885276,0.6442000000000002,0.5174000000000002
22.905256,0.6902000000000003,0.3941000000000001
22.925348,0.6594000000000002,0.44690000000000013
22.945329,0.6557000000000002,0.47190000000000015
22.965421,0.6537000000000002,0.48320000000000013
22.985401,0.6616000000000002,0.43110000000000015
23.005494,0.6536000000000002,0.47760000000000014
23.025474,0.6528000000000002,0.48440000000000016
23.045566,0.6489000000000003,0.5037000000000001
23.065546,0.6510000000000002,0.49350000000000016
23.085638,0.6467000000000002,0.5048000000000001
23.105619,0.6295000000000002,0.5121000000000001
23.125711,0.6297000000000001,0.5067000000000002
23.145691,0.6429000000000002,0.45220000000000016
23.165784,0.6354000000000002,0.48040000000000016
23.185764,0.6292000000000002,0.5060000000000001
23.205856,0.6253000000000002,0.5171000000000001
23.225836,0.6266000000000002,0.5166000000000002
23.245928,0.6291000000000002,0.5160000000000001
23.265909,0.6294000000000002,0.5184000000000002
23.286001,0.6290000000000002,0.5167000000000002
23.305982,0.6276000000000002,0.5177000000000002
23.326073,0.6278000000000002,0.5171000000000001
23.346053,0.6262000000000002,0.5240000000000001
23.366146,0.6266000000000002,0.5240000000000001
23.386126,0.6271000000000002,0.5239000000000001
23.406218,0.6272000000000002,0.5240000000000001
23.426199,0.6271000000000002,0.5245000000000002
23.446291,0.6301000000000002,0.5192000000000002
23.466271,0.6306000000000002,0.5182000000000002
23.486364,0.6308000000000002,0.5191000000000001
23.506344,0.6179000000000002,0.26810000000000006
23.546416,0.48790000000000017,0.2821000000000001
23.566509,0.47490000000000016,0.4953000000000002
23.586489,0.47140000000000015,0.49970000000000014
23.606581,0.46650000000000014,0.4787000000000001
23.626561,0.4676000000000001,0.48940000000000017
23.646654,0.46790000000000015,0.49610000000000015
23.666634,0.46870000000000017,0.49600000000000016
23.686726,0.46910000000000013,0.49710000000000015
23.706706,0.46680000000000016,0.47590000000000016
23.726799,0.46730000000000016,0.4802000000000001
23.746779,0.46720000000000017,0.48600000000000015
23.766871,0.46820000000000017,0.48560000000000014
23.786852,0.5980000000000002,0.22570000000000007
23.806943,0.6057000000000002,0.46730000000000016
23.826924,0.6273000000000002,0.45490000000000014
23.847016,0.6262000000000002,0.44670000000000015
23.866996,0.6298000000000002,0.45720000000000016
23.887089,0.6266000000000002,0.4560000000000001
23.907069,0.6298000000000002,0.44630000000000014
23.927162,0.6211000000000002,0.45580000000000015
23.947142,0.6297000000000001,0.4018000000000001
23.967234,0.6191000000000002,0.42810000000000015
23.987214,0.6117000000000002,0.43350000000000016
24.007306,0.6032000000000002,0.4490000000000001
24.027286,0.5992000000000002,0.4576000000000002
24.04738,0.5979000000000002,0.4566000000000002
24.067359,0.5952000000000002,0.4641000000000001
24.087452,0.5922000000000002,0.4692000000000002
24.107432,0.5910000000000002,0.46580000000000016
24.127523,0.5865000000000001,0.46990000000000015
24.147504,0.5841000000000002,0.47400000000000014
24.167596,0.5831000000000002,0.47650000000000015
24.187576,0.5792000000000002,0.4787000000000001
24.207668,0.5796000000000002,0.48110000000000014
24.227649,0.5741000000000002,0.4863000000000002
24.247741,0.5717000000000002,0.4903000000000002
24.267721,0.5686000000000002,0.49770000000000014
24.287814,0.5653000000000001,0.5045000000000002
24.307794,0.5621000000000002,0.5070000000000001
24.327886,0.5616000000000002,0.5085000000000002
24.347867,0.5584000000000002,0.5112000000000002
24.367959,0.5585000000000002,0.5120000000000001
24.387939,0.5586000000000002,0.5131000000000001
24.408031,0.5572000000000001,0.5122000000000002
24.428011,0.5566000000000002,0.5127000000000002
24.448103,0.5564000000000002,0.5139000000000001
24.468084,0.5532000000000001,0.5180000000000001
24.488176,0.5525000000000002,0.5196000000000002
24.508156,0.5536000000000002,0.5207000000000002
24.528248,0.5523000000000001,0.5267000000000002
24.548229,0.5509000000000002,0.5265000000000002
24.568322,0.5493000000000001,0.5233000000000002
24.588301,0.5489000000000002,0.5234000000000002
24.608394,0.5487000000000002,0.5233000000000002
24.628374,0.5485000000000002,0.5243000000000002
24.648467,0.5474000000000002,0.5253000000000002
24.668447,0.5461000000000001,0.5285000000000002
24.688538,0.5533000000000001,0.48610000000000014
24.708519,0.5505000000000002,0.5009000000000001
24.728611,0.5488000000000002,0.5068000000000001
24.748591,0.5449000000000002,0.5174000000000002
24.768684,0.5450000000000002,0.5201000000000001
24.788664,0.5439000000000002,0.5278000000000002
24.808756,0.5441000000000001,0.5267000000000002
24.828737,0.5399000000000002,0.5505000000000002
24.848828,0.5393000000000002,0.5537000000000002
24.868809,0.5392000000000001,0.5578000000000002
24.888901,0.5396000000000002,0.5619000000000002
24.908881,0.5395000000000002,0.5735000000000002
24.928973,0.5399000000000002,0.5805000000000002
24.948953,0.5405000000000002,0.5870000000000002
24.969046,0.5390000000000001,0.5950000000000002
24.989026,0.5374000000000002,0.5959000000000002
25.009118,0.5371000000000001,0.5977000000000002
25.029099,0.5601000000000002,0.5361000000000001
25.049191,0.5616000000000002,0.5709000000000002
25.069171,0.5512000000000001,0.6270000000000002
25.089263,0.5595000000000002,0.5888000000000002
25.109244,0.5557000000000002,0.6065000000000002
25.129336,0.5549000000000002,0.6092000000000002
25.149316,0.5578000000000002,0.5490000000000002
25.169408,0.5544000000000002,0.5905000000000001
25.189388,0.5536000000000002,0.6056000000000001
25.20948,0.5511000000000001,0.6186000000000001
25.229461,0.5516000000000002,0.6227000000000003
25.249554,0.5465000000000002,0.6386000000000002
25.269533,0.5428000000000002,0.6454000000000002
25.289626,0.5427000000000002,0.6460000000000002
25.309606,0.5437000000000002,0.6475000000000002
25.329698,0.5430000000000001,0.6486000000000002
25.349679,0.5446000000000002,0.6169000000000002
25.369771,0.5046000000000002,0.6502000000000002
25.389751,0.5050000000000001,0.6535000000000002
25.409843,0.5037000000000001,0.6537000000000002
25.429824,0.5029000000000001,0.6549000000000003
25.449916,0.5015000000000002,0.6549000000000003
25.469896,0.5006000000000002,0.6592000000000002
25.489988,0.49910000000000015,0.6635000000000002
25.509968,0.4999000000000002,0.6611000000000002
25.530061,0.49960000000000016,0.6653000000000002
25.550041,0.5032000000000002,0.6302000000000002
25.570133,0.4994000000000002,0.6733000000000002
25.590113,0.42370000000000013,0.6749000000000002
25.610206,0.41260000000000013,0.7424000000000003
25.630186,0.3795000000000001,0.6693000000000002
25.650278,0.40150000000000013,0.7088000000000002
25.670258,0.4138000000000001,0.7051000000000002
25.69035,0.43160000000000015,0.7285000000000003
25.710331,0.42320000000000013,0.6345000000000002
25.730423,0.43620000000000014,0.6597000000000002
25.750403,0.44260000000000016,0.6827000000000002
25.770495,0.45090000000000013,0.7383000000000003
25.790475,0.48550000000000015,0.6486000000000002
25.810568,0.47350000000000014,0.6882000000000003
25.830548,0.43410000000000015,0.6637000000000002
25.85064,0.4772000000000002,0.7077000000000002
25.870621,0.43960000000000016,0.6667000000000002
25.890713,0.4379000000000001,0.6793000000000002
25.910693,0.4586000000000001,0.7263000000000003
25.930785,0.44640000000000013,0.6869000000000002
25.950765,0.43250000000000016,0.6635000000000002
25.970858,0.43610000000000015,0.6514000000000002
25.990838,0.4254000000000001,0.6295000000000002
26.010931,0.43050000000000016,0.6371000000000002
26.030911,0.25190000000000007,0.4173000000000001
26.051003,0.5971000000000002,0.7148000000000002
26.070984,0.6397000000000002,0.6493000000000002
26.091075,0.5957000000000002,0.7123000000000003
26.111056,0.6334000000000002,0.5996000000000002
26.131148,0.6184000000000002,0.6039000000000002
26.151128,0.6464000000000002,0.5670000000000002
26.171221,0.6286000000000002,0.5985000000000001
26.191201,0.6277000000000001,0.6077000000000002
26.211293,0.6180000000000002,0.6168000000000002
26.231273,0.6229000000000002,0.5297000000000002
26.251366,0.6208000000000002,0.6044000000000002
26.271346,0.6147000000000002,0.6407000000000002
26.291438,0.6114000000000002,0.6414000000000002
26.311418,0.6461000000000002,0.6241000000000002
26.331511,0.6291000000000002,0.6365000000000002
26.351491,0.6135000000000002,0.6439000000000002
26.371583,0.6107000000000002,0.6474000000000002
26.391563,0.6091000000000002,0.6502000000000002
26.411656,0.6076000000000001,0.6612000000000002
26.431636,0.5996000000000002,0.6738000000000002
26.451728,0.6069000000000002,0.6783000000000002
26.471708,0.5895000000000001,0.5835000000000002
26.4918,0.5951000000000002,0.6342000000000002
26.511781,0.6044000000000002,0.6510000000000002
26.531874,0.6051000000000002,0.6580000000000003
26.551854,0.6021000000000002,0.6611000000000002
26.571946,0.6009000000000002,0.6588000000000002
26.591926,0.6001000000000002,0.6562000000000002
26.612018,0.5970000000000002,0.6475000000000002
26.631998,0.5956000000000002,0.6415000000000002
26.65209,0.5944000000000002,0.6365000000000002
26.672071,0.5954000000000002,0.5487000000000002
26.692164,0.5948000000000002,0.5826000000000002
26.712143,0.5928000000000002,0.5901000000000002
26.732236,0.5933000000000002,0.6090000000000002
26.752216,0.5907000000000002,0.6170000000000002
26.772309,0.5913000000000002,0.6139000000000002
26.792288,0.5910000000000002,0.6099000000000002
26.812381,0.5912000000000002,0.6043000000000002
26.832361,0.5908000000000002,0.6080000000000002
26.852453,0.5916000000000002,0.6050000000000002
26.872434,0.5906000000000002,0.6049000000000002
26.892526,0.5907000000000002,0.6044000000000002
26.912506,0.5631000000000002,0.5912000000000002
26.932599,0.5442000000000001,0.5817000000000002
26.952579,0.5400000000000001,0.5958000000000002
26.972671,0.5439000000000002,0.5878000000000002
26.992651,0.5438000000000002,0.5877000000000002
27.012744,0.5452000000000001,0.5869000000000002
27.032723,0.5450000000000002,0.5873000000000002
27.052816,0.5452000000000001,0.5859000000000002
27.072796,0.5449000000000002,0.5857000000000002
27.092888,0.5457000000000002,0.5854000000000001
27.112868,0.5667000000000002,0.4048000000000001
27.152942,0.44670000000000015,0.5600000000000002
27.173033,0.44720000000000015,0.5913000000000002
27.193014,0.44370000000000015,0.6292000000000002
